#stn,X,Y,Z,ReceiverName,AntennaName,ClockType
ABMF00GLP,2919786.0,-5383745.0,1774604.0,SEPT POLARX5,TRM57971.00,INTERNAL
ABPO00MDG,4097216.6805,4429119.0287,-2065771.3676,SEPT POLARX5,ASH701945G_M,INTERNAL
ACRG00GHA,6347491.377,-22944.8986,622822.4766,JAVAD TR_G3TH,JAV_RINGANT_G3T,INTERNAL
ADIS00ETH,4913652.948,3945922.493,995383.145,JPS LEGACY,TRM29659.00,INTERNAL 
AGGO00ARG,2765122.098,-4449250.084,-3626405.34,LEICA GRX1200+GNSS,LEIAR25.R4,EXTERNAL CESIUM 1
AIRA00JPN,-3530185.489,4118797.337,3344036.931,TRIMBLE NETR9,TRM59800.00,EXTERNAL CESIUM
AJAC00FRA,4696990.0,723994.0,4239678.0,SEPT POLARX5,TRM115000.00,INTERNAL
ALBH00CAN,-2341332.884,-3539049.509,4745791.36,SEPT POLARX5,TRM59800.00,EXTERNAL H-MASER
ALGO00CAN,918129.4,-4346071.2,4561977.8,SEPT POLARX5,AOAD/M_T,EXTERNAL H-MASER
ALIC00AUS,-4052051.767,4212836.215,-2545106.027,SEPT POLARX5,LEIAR25.R3,INTERNAL
ALRT00CAN,388042.75,-740382.4,6302001.85,ASHTECH UZ-12,ASH701945D_M,INTERNAL
AMC400USA,-1248596.405,-4819428.21,3976505.93,SEPT POLARX5TR,TPSCR.G5C,EXTERNAL H-MASER
ANKR00TUR,4121934.26,2652189.812,4069034.911,LEICA GR30,LEIAR10,INTERNAL
ANMG00MYS,-1270826.87,6242631.446,307792.439,TRIMBLE NETR9,JAVRINGANT_DM,INTERNAL
ANTC00CHL,1608539.0,-4816370.0,-3847799.0,TRIMBLE NETR9,ASH700936D_M,INTERNAL 
AREG00PER,1942816.3653,-5804077.1395,-1796884.4383,SEPT POLARX5,TRM59800.00,EXTERNAL RUBIDIUM
AREQ00PER,1942826.192,-5804070.331,-1796894.267,JAVAD TRE_G3TH DELTA,JAVRINGANT_DM,EXTERNAL XL-DC 151-358-108-2
ARHT00ATA,-1312626.536,311171.129,-6213081.915,JAVAD TRE_3 DELTA,JAVRINGANT_DM,INTERNAL
ARTU00RUS,1843956.968,3016202.97,5291261.66,JAVAD TRE_G3TH DELTA,ASH700936D_M,INTERNAL
ARUC00ARM,3500416.7822,3390432.6839,4103027.5848,SEPT POLARX5,ASH701945C_M,INTERNAL
ASCG00SHN,6121151.5493,-1563978.9235,-872615.3556,TRIMBLE NETR9,TRM59800.00,INTERNAL
ASPA00USA,-6100260.096,-996503.51,-1567977.812,TRIMBLE NETR5,TRM55971.00,INTERNAL
ATRU00KAZ,2679051.8578,3423332.414,4651652.39,LEICA GR10,LEIAR25.R4,INTERNAL
AUCK00NZL,-5105681.0,461564.0,-3782181.7,TRIMBLE ALLOY,TRM115000.00,INTERNAL
BADG00RUS,-838281.513,3865777.334,4987624.632,JAVAD TRE_3 DELTA,JAVRINGANT_DM,EXTERNAL H-MASER CH1-80
BAIE00CAN,1546823.34,-3879765.13,4804185.05,TPS NET-G5,TPSCR.G3,INTERNAL
BAKE00CAN,-289833.93,-2756501.06,5725162.22,TPS NET-G3A,TPSCR.G3,INTERNAL
BAKO00IDN,-1836969.054,6065617.126,-716257.839,LEICA GR50,LEIAR20,EXTERNAL
BAMF00CAN,-2420721.2,-3439856.061,4778532.675,SEPT POLARX5,SEPCHOKE_B3E6,INTERNAL CLOCK STEERING
BARH00USA,1693644.846,-4239067.57,4439567.239,LEICA GR30,LEIAR10,INTERNAL
BELE00BRA,4228139.05,-4772752.08,-155761.38,TRIMBLE NETR9,TRM115000.00,INTERNAL 
BHR300BHR,3633910.66,4425277.759,2799862.907,ITT 3750300,TPSCR.G5,EXTERNAL CESIUM /RCVR1
BHR400BHR,3633910.66,4425277.759,2799862.907,ITT 3750300,TPSCR.G5,EXTERNAL CESIUM /RCVR2
BIK000KGZ,1249005.5455,4513917.3461,4316147.9247,JAVAD TRE_G3TH DELTA,JAV_RINGANT_G3T,INTERNAL
BILL00USA,-2420420.5012,-4737131.5508,3507827.665,SEPT POLARX5,TRM59800.99,INTERNAL
BJCO00BEN,6333076.505,270973.437,704551.984,TRIMBLE NETR5,TRM59800.00,INTERNAL
BJFS00CHN,-2148743.808,4426641.281,4044655.993,TRIMBLE NETR9,TRM59900.00,EXTERNAL RUBIDIUM
BJNM00CHN,-2154287.413,4373440.047,4098885.628,SEPT POLARX3ETR,NOV702GG,EXTERNAL HYDROGEN MASER
BLYT00USA,-2223206.72,-4830299.8,3510587.59,TRIMBLE NETRS,ASH701945B_M,INTERNAL
BNOA00IDN,-2685309.038,5704009.251,-963466.461,TRIMBLE NETR9,TRM59900.00,INTERNAL 
BOAV00BRA,3117452.21,-5555487.82,314480.74,TRIMBLE NETR9,TRM115000.00,INTERNAL 
BOGI00POL,3633815.7,1397453.9,5035280.8,JAVAD TRE_G3T DELTA,ASH701945C_M,EXTERNAL RUBIDIUM
BOGT00COL,1744399.0397,-6116037.5577,512731.7532,JAVAD TRE_3 DELTA,JAVRINGANT_DM,INTERNAL
BOR100POL,3738358.833,1148173.963,5021816.113,TRIMBLE NETR9,TRM59800.00,EXTERNAL H-MASER
BRAZ00BRA,4115014.1128,-4550641.5225,-1741444.0984,TRIMBLE NETR9,TRM57971.00,INTERNAL
BREW00USA,-2112007.1404,-3705351.8421,4726827.1606,SEPT POLARX5TR,ASH701945C_M,EXTERNAL H-MASER
BRFT00BRA,4985393.532,-3954993.417,-428426.704,LEICA GRX1200PRO,LEIAT504,INTERNAL
BRMU00GBR,2304703.476,-4874817.177,3395186.95,LEICA GRX1200GGPRO,JAVRINGANT_DM,INTERNAL
BRST00FRA,4231162.0,-332747.0,4745131.0,TRIMBLE ALLOY,TRM57971.00,INTERNAL
BRUN00BRN,-2680694.374,5761268.529,549016.773,TRIMBLE NETR9,JAVRINGANT_DM,INTERNAL
BRUX00BEL,4027881.628,306998.537,4919498.984,SEPT POLARX5TR,JAVRINGANT_DM,EXTERNAL CH1-75A MASER
BSHM00ISR,4396111.1752,3080477.64191,3433499.46187,JAVAD TRE_3 DELTA,TRM59800.00,INTERNAL
BTNG00IDN,-3674585.766,5210904.565,159093.409,TRIMBLE NETR9,TRM59900.00,INTERNAL 
BUCU00ROU,4093760.994,2007793.667,4445129.862,LEICA GR50,LEIAR25.R4,INTERNAL
CAGS00CAN,1096349.16,-4335060.66,4533255.22,TRIMBLE NETR8,TRM59800.00,INTERNAL
CAS100ATA,-901776.221,2409383.497,-5816748.487,SEPT POLARXS,LEIAR25.R3,INTERNAL
CCJ200JPN,-4490605.4013,3483894.7513,2884928.2222,TRIMBLE NETR9,TRM59800.00,INTERNAL
CEBR00ESP,4846664.918,-370195.2,4116929.526,SEPT POLARX5TR,SEPCHOKE_B3E6,EXTERNAL H-MASER
CEDU00AUS,-3753472.143,3912741.0403,-3347961.0368,SEPT POLARX5,AOAD/M_T,INTERNAL
CGGN00NGA,6201032.5267,995277.2635,1113815.5634,JAVAD TRE_G3TH DELTA,ASH701945B_M,INTERNAL
CHAN00CHN,-2674377.0,3757198.0,4391503.0,ASHTECH UZ-12,ASH701945E_M,EXTERNAL H-MASER 
CHIL00USA,-2478003.12,-4655349.22,3577932.2,TPS NET-G3A,TPSCR.G3,INTERNAL
CHOF00JPN,-3946216.71,3366689.83,3698971.69,JAVAD TRE_G3TH DELTA,TRM57971.00,INTERNAL
CHPG00BRA,4163476.6693,-4163821.9362,-2444511.1746,TRIMBLE ALLOY,TRM59800.00,INTERNAL
CHPI00BRA,4164613.89,-4162456.91,-2445028.76,SEPT POLARX5,TPSCR.G3,INTERNAL
CHTI00NZL,-4607855.9,-272375.8,-4386954.5,TRIMBLE ALLOY,TRM115000.00,INTERNAL
CHUM00KAZ,1228950.716,4508079.93,4327868.505,TRIMBLE NETRS,AOAD/M_T,INTERNAL
CHUR00CAN,-236438.7,-3307616.7,5430049.1,TPS NET-G3A,ASH701945E_M,EXTERNAL RUBIDIUM
CHWK00CAN,-2215259.73,-3543996.83,4802098.77,SEPT POLARX5,SEPCHOKE_B3E6,INTERNAL CLOCK STEERING
CIBG00IDN,-1837002.6304,6065627.3598,-716183.2715,TRIMBLE NETR9,LEIAR25.R4,INTERNAL
CIT100USA,-2491490.2616,-4660803.2317,3559129.0005,TRIMBLE NETR9,TRM57971.00,INTERNAL
CKIS00COK,-5583182.1381,-2054143.6114,-2292166.7567,TRIMBLE NETR9,JAVRINGANT_DM,INTERNAL
CKSV00TWN,-2956619.1898,5075902.1717,2476625.5462,TRIMBLE ALLOY,TPSCR.G3,INTERNAL
CMP900USA,-2508506.1541,-4637174.7958,3579499.9356,TPS NET-G3A,TPSCR.G3,INTERNAL
CMUM00THA,-938078.387,5968373.965,2038404.323,TRIMBLE NETR9,JAV_GRANT-G3T,INTERNAL
CNMR00USA,-5087757.903,3465028.863,1664653.693,TRIMBLE NETR9,TRM55971.00,INTERNAL
COCO00AUS,-741949.8528,6190961.6634,-1337768.7328,SEPT POLARX5,AOAD/M_T,INTERNAL
CORD00ARG,2345503.9452,-4910842.9601,-3316365.5474,JAVAD TRE_G3TH DELTA,TPSCR.G3,INTERNAL
COSO00USA,-2411148.2861,-4571430.2322,3727461.4502,SEPT POLARX5,TWIVC6150,INTERNAL
COTE00ATA,-1285757.4165,417822.4915,-6214230.8473,TRIMBLE NETR9,TRM59800.00,INTERNAL
COYQ00CHL,1391587.0,-4255574.0,-4527926.0,TRIMBLE NETR9,ASH700936D_M,INTERNAL
CPNM00THA,-1020874.496,6183763.086,1179096.215,TRIMBLE NETR9,JAVRINGANT_DM,INTERNAL
CPVG00CPV,5626883.4267,-2380932.5096,1824483.8747,TRIMBLE NETR9,TRM59800.00,INTERNAL
CRAO00UKR,3783897.0146,2551404.4833,4441264.31,ASHTECH UZ-12,ASH701945C_M,INTERNAL
CRFP00USA,-2410446.7968,-4710490.3879,3550422.4952,TRIMBLE NETR9,TRM57971.00,INTERNAL
CRO100VIR,2607771.494,-5488076.997,1932768.0602,JAVAD TRE_3 DELTA,JAVRINGANT_DM,INTERNAL 
CUSV00THA,-1132913.7678,6092530.5657,1504633.5192,JAVAD TRE_3 DELTA,JAVRINGANT_DM,INTERNAL
CUT000AUS,-2364337.2699,4870285.5624,-3360809.8398,TRIMBLE NETR9,TRM59800.00,INTERNAL
CUUT00THA,-1132915.824,6092526.351,1504641.505,TRIMBLE NETR9,TRM57971.00,INTERNAL
CZTG00ATF,2719994.82,3463392.63,-4598612.94,TRIMBLE NETR9,LEIAR20,INTERNAL
DAE200KOR,-3120042.274,4084614.722,3764026.818,TRIMBLE NETR9,TRM59800.00,EXTERNAL CESIUM
DAEJ00KOR,-3120041.821,4084615.221,3764027.013,TRIMBLE NETR9,TRM59800.00,EXTERNAL CESIUM
DAKR00SEN,5886533.48,-1849181.6,1610300.44,TPS NET-G3A,TPSCR.G3,INTERNAL
DARW00AUS,-4091358.744,4684606.844,-1408580.642,SEPT POLARX5,JAVRINGANT_DM,INTERNAL
DAV100ATA,486854.4996,2285099.3657,-5914955.7712,SEPT POLARX5,LEIAR25.R3,INTERNAL
DEAR00ZAF,5017617.2841,2233214.7864,-3234696.1991,TRIMBLE NETRS,ASH701941.B,INTERNAL
DGAR00GBR,1916269.343,6029977.689,-801719.821,SEPT POLARX5,ASH701945E_M,INTERNAL
DHLG00USA,-2319099.26,-4799846.5,3490090.45,TPS NET-G3A,TPSCR.G3,INTERNAL
DJIG00DJI,4583086.1415,4250982.5036,1266243.0645,SEPT POLARX5,TRM59800.00,INTERNAL
DLF100NLD,3924697.942,301124.893,5001905.154,TRIMBLE NETR9,LEIAR25.R3,EXTERNAL CESIUM
DLTV00VNM,-1978879.097,5920511.651,1311808.34,TRIMBLE NETR9,JAVRINGANT_DM,INTERNAL
DRAG00ISR,4432980.662,3149432.093,3322110.441,JAVAD TRE_3 DELTA,ASH700936D_M,INTERNAL
DRAO00CAN,-2059164.682,-3621108.388,4814432.366,SEPT POLARX5,TRM59800.00,EXTERNAL H-MASER
DUBO00CAN,-417603.6,-4064529.8,4881432.16,SEPT POLARX5,AOAD/M_T,EXTERNAL RUBIDIUM SYMMETRICOM
DUMG00ATA,-1940884.0,1628468.0,-5833720.0,LEICA GR25,LEIAR25.R4,INTERNAL
DUND00NZL,-4388121.17,726671.05,-4556535.63,TRIMBLE ALLOY,TRM115000.00,INTERNAL
DYNG00GRC,4595220.0183,2039434.0941,3912625.9902,TRIMBLE NETR9,TRM59800.00,INTERNAL
EBRE00ESP,4833520.0,41536.0,4147461.0,LEICA GR50,LEIAR25.R4,INTERNAL
EIL300USA,-2296304.083,-1484805.898,5743078.376,ITT 3750300,TPSCR.G5,EXTERNAL CESIUM /RCVR 1
EIL400USA,-2296304.083,-1484805.898,5743078.376,ITT 3750300,TPSCR.G5,EXTERNAL CESIUM /RCVR 2
ENAO00PRT,4375732.1533,-2329166.8136,4000238.2806,JAVAD TRE_3,JAVRINGANT_G5T,INTERNAL
EPRT00USA,1768544.556,-4164839.445,4480190.419,LEICA GR50,LEIAR20,INTERNAL
ESCU00CAN,1852954.53,-3937498.76,4647314.64,TRIMBLE NETR9,ASH701945E_M,INTERNAL
EUSM00MYS,-1157029.938,6246367.148,568220.1,TRIMBLE NETR9,JAVRINGANT_DM,INTERNAL
FAA100PYF,-5247393.111,-3076867.223,-1911521.528,SEPT POLARX5,LEIAR25.R4,INTERNAL 
FAIR00USA,-2281621.7717,-1453595.9493,5756961.9444,JAVAD TRE_G3TH DELTA,ASH701945G_M,INTERNAL
FALE00WSM,-6134112.0,-862145.0,-1514975.0,TRIMBLE NETRS,TRM41249.00,INTERNAL
FALK00FLK,2106811.344,-3355170.6666,-4981786.3348,SEPT POLARX5,ASH701945E_M,INTERNAL
FFMJ00DEU,4053455.7,617729.9,4869395.9,JAVAD TRE_3 DELTA,LEIAR25.R3,INTERNAL
FLIN00CAN,-766174.46,-3611375.32,5184056.22,SEPT POLARX5,NOV750.R4,INTERNAL
FLRS00PRT,4221530.01,-2549242.33,4031397.8,LEICA GRX1200GGPRO,LEIAT504GG,INTERNAL
FRDN00CAN,1760543.42,-4080069.4,4560178.6,TPS NET-G3A,TPSCR.G3,INTERNAL
FTNA00WLF,-6178322.4459,-202694.9925,-1566024.4684,TRIMBLE NETR9,TRM59800.00,INTERNAL
FUNC00PRT,5143339.43,-1563412.87,3421191.44,TRIMBLE ALLOY,TRM159900.00,INTERNAL
GAMB00PYF,-4147126.8085,-4152222.1446,-2490033.108,TRIMBLE NETR9,TRM59800.00,INTERNAL
GAMG00KOR,-3191598.0,4096876.0,3691823.0,SEPT POLARX5TR,LEIAR25.R4,INTERNAL
GANP00SVK,3929181.5,1455236.8,4793653.9,TRIMBLE ALLOY,TRM59800.00,INTERNAL
GCGO00USA,-2281621.6297,-1453585.1138,5756964.9518,JAVAD TRE_3 DELTA,JAVRINGANT_DM,INTERNAL
GENO00ITA,4507890.272,707618.974,4441603.008,LEICA GR30,LEIAR20,INTERNAL
GLPS00ECU,-33801.259,-6377516.5276,-82154.3037,JAVAD TRE_G3TH DELTA,ASH701945B_M,INTERNAL
GLSV00UKR,3512889.29,2068980.654,4888903.261,TRIMBLE NETR9,TRM115000.00,INTERNAL
GMSD00JPN,-3607665.4303,4147868.2248,3223717.2617,TRIMBLE NETR9,TRM59800.00,EXTERNAL CESIUM
GODE00USA,1130773.718,-4831253.581,3994200.422,SEPT POLARX5TR,AOAD/M_T,EXTERNAL H-MASER
GODN00USA,1130760.8757,-4831298.688,3994155.1861,JAVAD TRE_3 DELTA,TPSCR.G3,EXTERNAL H2 Maser
GODS00USA,1130752.3046,-4831349.1223,3994098.9504,JAVAD TRE_3 DELTA,JAVRINGANT_DM,EXTERNAL H2 Maser
GODZ00USA,1130773.867,-4831253.583,3994200.409,JPS EGGDT,AOAD/M_T,EXTERNAL H-MASER
GOL200USA,-2353614.316,-4641385.324,3676976.407,ASHTECH UZ-12,AOAD/M_T,EXTERNAL H-MASER
GOLD00USA,-2353614.316,-4641385.3523,3676976.434,JAVAD TRE_G3TH DELTA,AOAD/M_T,EXTERNAL H-Maser 
GOP600CZE,3979319.62,1050311.94,4857064.38,SEPT POLARX5,SEPCHOKE_B3E6,EXTERNAL PASSIVE HYDROGEN MASER
GOP700CZE,3979319.64,1050311.92,4857064.37,TRIMBLE NETR9,SEPCHOKE_B3E6,EXTERNAL PASSIVE HYDROGEN MASER
GOPE00CZE,3979316.134,1050312.478,4857067.108,TRIMBLE ALLOY,TPSCR.G3,EXTERNAL PASSIVE HYDROGEN MASER
GRAC00FRA,4581708.63,556132.23,4389340.93,LEICA GR25,TRM57971.00,INTERNAL
GRAS00FRA,4581690.811,556114.972,4389360.88,TRIMBLE NETR9,ASH701945E_M,INTERNAL
GRAZ00AUT,4194424.124,1162702.46,4647245.193,SEPT POLARX5,LEIAR25.R4,INTERNAL
GUAM00GUM,-5071312.6574,3568363.6347,1488904.402,JAVAD TRE_3 DELTA,JAVRINGANT_DM,INTERNAL
GUAO00CHN,228380.79,4631962.42,4367041.08,ASHTECH UZ-12,ASH701945B_M,EXTERNAL H-MASER
GUAT00GTM,-56063.582,-6174978.67,1596665.267,LEICA GRX1200GGPRO,LEIAR25.R3,INTERNAL
GUUG00GUM,-5070465.249,3576460.234,1472093.785,LEICA GR50,SEPCHOKE_B3E6,INTERNAL
HAL100USA,-5466017.9454,-2404394.6546,2242210.2481,SEPT POLARX5,JAVRINGANT_DM,INTERNAL
HAMD00IRN,3469898.0183,3926741.412,3626961.1469,TRIMBLE NETR9,TRM57971.00,INTERNAL
HARB00ZAF,5084657.615,2670325.2503,-2768481.0274,SEPT POLARX5TR,TRM59800.00,EXTERNAL CESIUM
HERS00GBR,4033471.33,23667.86,4924300.35,SEPT POLARX5TR,LEIAR25.R3,EXTERNAL H-MASER
HERT00GBR,4033461.038,23537.662,4924318.165,LEICA GRX1200GGPRO,LEIAT504GG,INTERNAL
HKSL00HKG,-2393382.414,5393861.187,2412592.401,LEICA GR50,LEIAR25.R4,INTERNAL 
HKWS00HKG,-2430579.004,5374285.676,2418956.331,LEICA GR50,LEIAR25.R4,INTERNAL
HLFX00CAN,2018905.8,-4069070.52,4462415.41,TPS NET-G3A,TPSCR.G3,EXTERNAL RUBIDIUM
HNLC00USA,-5506799.0,-2240050.0,2302720.0,TRIMBLE NETR9,ASH700936D_M,INTERNAL
HNPT00USA,1196626.343,-4846358.5,3956723.115,LEICA GRX1200GGPRO,LEIAX1202GG,INTERNAL
HNUS00ZAF,4973168.8045,1734085.3905,-3585434.1455,TRIMBLE ALLOY,ASH701941.B,INTERNAL
HOB200AUS,-3950071.274,2522415.218,-4311638.512,SEPT POLARX5,AOAD/M_T,EXTERNAL H-MASER
HOFN00ISL,2679689.848,-727951.343,5722788.898,LEICA GR50,LEIAR25.R4,INTERNAL
HOLB00CAN,-2503040.424,-3188233.325,4908701.543,SEPT POLARX5,SEPCHOKE_B3E6,INTERNAL RECEIVER CLOCK
HOLM00CAN,-983063.87,-1867634.52,5998678.91,ASHTECH UZ-12,ASH701945D_M,INTERNAL
HOLP00USA,-2500946.0962,-4670472.9515,3539500.5469,TPS NET-G3A,TPSCR.G3,INTERNAL
HRAG00ZAF,5085418.18,2668226.51,-2768758.21,JAVAD TRE_G3TH DELTA,LEIAR25.R3,EXTERNAL H-MASER
HRAO00ZAF,5085352.597,2668395.992,-2768731.551,JAVAD TRE_G3TH DELTA,ASH701945E_M,EXTERNAL H-MASER
HUEG00DEU,4251963.3,567043.8,4704708.7,JAVAD TRE_3 DELTA,LEIAR25.R4,INTERNAL
HYDE00IND,1208444.8595,5966806.0568,1897076.6227,LEICA GRX1200GGPRO,LEIAT504GG,INTERNAL
IENG00ITA,4476537.4,600431.46,4488761.34,SEPT POLARX4TR,SEPCHOKE_MC,EXTERNAL H-MASER
IISC00IND,1337936.455,6070317.1261,1427876.7852,SEPT POLARX5,ASH701945E_M,INTERNAL
INEG00MEX,-1260435.6709,-5788547.371,2360340.1297,LEICA GR10,LEIAR10,INTERNAL
INVK00CAN,-1628432.02,-1714393.06,5903844.73,TRIMBLE NETR9,ASH701945C_M,INTERNAL
IQAL00CAN,1036001.02,-2631455.56,5697819.69,TPS NET-G3A,TPSCR.G3,INTERNAL
IQQE00CHL,2034208.0,-5629172.0,-2196142.0,TRIMBLE NETR9,ASH700936D_M,INTERNAL 
IRKJ00RUS,-968328.35,3794426.541,5018167.196,JPS LEGACY,JPSREGANT_SD_E1,EXTERNAL H-MASER
IRKM00RUS,-968332.3889,3794425.4087,5018167.7058,JAVAD TRE_G3TH DELTA,AOAD/M_T,EXTERNAL H-MASER
IRKT00RUS,-968332.1608,3794425.4408,5018167.7973,ROGUE SNR-8000,AOAD/M_T,EXTERNAL H-MASER
ISBA00IRQ,3808364.974,3734430.116,3485693.39,TRIMBLE NETR5,TRM57971.00,INTERNAL
ISHI00JPN,-3959648.7541,3296836.3371,3747005.5756,TRIMBLE NETR9,TRM59800.00,EXTERNAL H-MASER
ISPA00CHL,-1881703.507,-5359979.772,-2890599.259,ASHTECH UZ-12,ASH701945E_M,INTERNAL
ISTA00TUR,4208830.46,2334850.14,4171267.18,LEICA GR25,LEIAR25.R4,INTERNAL
IZMI00TUR,4456584.236,2278765.506,3939930.889,TRIMBLE NETR5,TRM55971.00,INTERNAL
JCTW00ZAF,5023564.462,1677795.751,-3542025.865,TRIMBLE NETR9,TRM59800.00,INTERNAL
JFNG00CHN,-2279828.8292,5004706.5483,3219777.4684,TRIMBLE ALLOY,TRM59800.00,INTERNAL
JNAV00VNM,-1626346.47,5730605.79,2271881.48,TRIMBLE NETR9,JAVRINGANT_DM,INTERNAL
JOG200IDN,-2200208.0871,5924895.6273,-855929.2334,JAVAD TRE_G3TH DELTA,JAV_RINGANT_G3T,INTERNAL
JOZ200POL,3664881.0,1409190.0,5009618.0,TRIMBLE NETR9,TRM59800.00,INTERNAL
JOZE00POL,3664940.5,1409153.59,5009571.17,SEPT POLARX5,SEPCHOKE_B3E6,INTERNAL
JPLM00USA,-2493304.6796,-4655215.1032,3565497.5918,SEPT POLARX5,AOAD/M_T,INTERNAL
JPRE00ZAF,5064032.232,2724721.054,-2752950.721,TRIMBLE NETR9,TRM59800.00,INTERNAL
KARR00AUS,-2713832.155,5303935.187,-2269515.197,TRIMBLE NETR9,TRM59800.00,INTERNAL
KAT100AUS,-4147413.524,4581462.781,-1573359.673,SEPT POLARX5,LEIAR25.R3,INTERNAL
KERG00ATF,1406337.0,3918161.0,-4816167.0,TRIMBLE NETR9,ASH701945E_M,INTERNAL
KGNI00JPN,-3941949.165,3368156.343,3702214.825,TRIMBLE NETRS,ASH701945C_M,EXTERNAL H-MASER
KHAR00UKR,3312984.369,2428203.401,4863307.795,NOV OEMV3,NOV702GG,INTERNAL
KIR000SWE,2248123.504,865686.533,5886425.594,SEPT POLARX5,JNSCR_C146-22-1,INTERNAL
KIR800SWE,2248127.371,865685.468,5886424.301,TRIMBLE ALLOY,LEIAR25.R3,INTERNAL
KIRI00KIR,-6327822.4922,785604.1018,149769.0463,TRIMBLE NETR9,TRM59800.00,INTERNAL
KIRU00SWE,2251420.999,862817.095,5885476.564,SEPT POLARX5,SEPCHOKE_B3E6,EXTERNAL CESIUM
KIT300UZB,1944944.8306,4556652.418,4004326.1235,SEPT ASTERX4,SEPCHOKE_B3E6,INTERNAL
KITG00UZB,1944879.726,4556783.77,4004205.937,SEPT POLARX5,TRM59800.00,INTERNAL
KMNM00TWN,-2761837.8555,5110347.1476,2625150.8677,TRIMBLE ALLOY,TPSCR3_GGD,INTERNAL
KOKB00USA,-5543838.3609,-2054586.6103,2387810.1225,SEPT POLARX5TR,ASH701945G_M,EXTERNAL H-MASER
KOKV00USA,-5543838.3609,-2054586.6103,2387810.1225,JAVAD TRE_G3TH DELTA,ASH701945G_M,EXTERNAL H-MASER
KOS100NLD,3899613.948,397361.592,5014738.666,SEPT POLARX5E,LEIAR25.R3,INTERNAL
KOST00KAZ,1701038.957,3427939.4424,5085671.495,LEICA GR10,LEIAR25.R4,INTERNAL
KOUC00NCL,-5751222.662,1617967.645,-2225744.218,TRIMBLE NETR9,TRM57971.00,INTERNAL
KOUG00GUF,3855263.0,-5049731.0,563040.0,SEPT POLARX5TR,LEIAR25.R3,EXTERNAL CESIUM
KOUR00GUF,3839591.447,-5059567.538,579956.867,SEPT POLARX5,SEPCHOKE_B3E6,EXTERNAL H-MASER
KRGG00ATF,1406336.2099,3918154.6213,-4816172.8453,TRIMBLE ALLOY,LEIAR25.R4,INTERNAL
KRS100TUR,3542999.668,3314720.171,4129002.589,TRIMBLE NETR5,TRM55971.00,INTERNAL
KSMV00JPN,-3997525.381,3276870.936,3724218.516,TRIMBLE NETRS,ASH700936E,EXTERNAL H-MASER
KUJ200CAN,773263.38,-3557025.2,5219841.77,SEPT POLARX5,AOAD/M_T_RFI_T,INTERNAL
KZN200RUS,2352345.7,2717466.1,5251458.5,TRIMBLE ALLOY,TRM59800.00,INTERNAL 
LAE100PNG,-5312857.053,3451108.016,-736322.743,ASHTECH UZ-12,ASH700936A_M,INTERNAL 
LAMA00POL,3524523.0,1329693.0,5129846.0,LEICA GRX1200+GNSS,LEIAT504GG,INTERNAL
LAUT00FJI,-6075194.5,270924.0,-1917189.6,SEPT POLARX5,JAVRINGANT_DM,INTERNAL
LBCH00USA,-2507798.7984,-4676369.6918,3526890.8008,SEPT POLARX5,TWIVC6150,INTERNAL
LCK300IND,894676.3053,5620593.4735,2869571.0496,TRIMBLE ALLOY,LEIAR25.R3,EXTERNAL Passive Hydrogen Maser
LCK400IND,894678.4718,5620595.0084,2869567.4303,TRIMBLE ALLOY,LEIAR25.R3,EXTERNAL Passive Hydrogen Maser
LEIJ00DEU,3898736.2,855345.5,4958372.6,JAVAD TRE_3 DELTA,LEIAR25.R4,INTERNAL
LHAZ00CHN,-106943.5,5549296.14,3139212.6,LEICA GR25,LEIAR25.R4,INTERNAL
LICC00GBR,3978703.569,-12141.038,4968417.218,CHC P5E,CHCC220GR2,INTERNAL
LLAG00ESP,5384906.53,-1576770.73,3023828.01,JAVAD TRE_G2T DELTA,TRM57971.00,INTERNAL
LMMF00MTQ,2993387.952,-5399363.731,1596748.042,TRIMBLE ALLOY,TRM57971.00,INTERNAL
LPAL00ESP,5326648.0,-1719828.0,3052056.0,LEICA GRX1200GGPRO,LEIAT504GG,INTERNAL
LPGS00ARG,2780102.9896,-4437418.9149,-3629404.5253,JAVAD TRE_3,JAVRINGANT_G5T,INTERNAL
LROC00FRA,4424632.8,-94175.5,4577543.9,LEICA GR25,ASH701945B_M,INTERNAL
M0SE00ITA,4642432.5,1028629.4,4236854.2,LEICA GR25,LEIAR25.R4,EXTERNAL RUBIDIUM
MAC100AUS,-3464038.4875,1334172.7432,-5169224.4229,SEPT POLARX5,JAVRINGANT_DM,INTERNAL
MAD200ESP,4849202.3989,-360328.9943,4114913.1884,ASHTECH Z-XII3T,AOAD/M_T,EXTERNAL H-MASER
MADR00ESP,4849202.394,-360328.9929,4114913.1862,JAVAD TRE_G3TH DELTA,AOAD/M_T,EXTERNAL
MAG000RUS,-2825810.152,1581233.0113,5477005.6213,ASHTECH Z-XII3,ASH700936D_M,INTERNAL
MAJU00MHL,-6257572.5057,950332.3662,785215.1556,SEPT POLARX4TR,JAVRINGANT_DM,INTERNAL
MAL200KEN,4865385.694,4110717.189,-331137.637,SEPT POLARX5,LEIAR25.R4,INTERNAL 
MANA00NIC,407981.838,-6222925.713,1333528.967,TRIMBLE NETR9,TRM59800.99,INTERNAL
MAR600SWE,2998189.713,931451.589,5533398.473,SEPT POLARX5,AOAD/M_T,INTERNAL
MAR700SWE,2998198.758,931449.71,5533392.638,TRIMBLE ALLOY,LEIAR25.R3,INTERNAL
MARS00FRA,4630532.8,433946.1,4350142.6,LEICA GR25,TRM57971.00,INTERNAL
MAS100ESP,5439192.263,-1522055.61,2953454.72,SEPT POLARX5,LEIAR25.R4,EXTERNAL CESIUM
MAT100ITA,4641951.507,1393053.602,4133280.821,LEICA GR30,LEIAR20,INTERNAL
MATE00ITA,4641949.709,1393045.298,4133287.333,LEICA GR30,LEIAR20,EXTERNAL H_MASER
MATG00ITA,4641953.035,1393063.547,4133279.589,LEICA GR10,LEIAR25,INTERNAL
MAUI00USA,-5466069.0,-2404328.0,2242127.0,TRIMBLE NETRS,ASH700936D_M,INTERNAL
MAW100ATA,1111287.138,2168911.297,-5874493.644,SEPT POLARX5,AOAD/M_T,INTERNAL
MAYG00MYT,4379104.6069,4418744.4751,-1401897.9428,TRIMBLE ALLOY,TRM59800.00,INTERNAL
MBAR00UGA,5482951.3876,3260442.6429,-66519.8489,JAVAD TRE_3 DELTA,ASH701945B_M,INTERNAL
MCHL00AUS,-4857858.74,3018464.424,-2814983.502,TRIMBLE ALLOY,TRM59800.00,INTERNAL
MCIL00JPN,-5227188.142,2551880.364,2607617.909,TRIMBLE NETR9,TRM59800.80,EXTERNAL RUBIDIUM
MCM400ATA,-1311703.172,310814.982,-6213255.16,JAVAD TRE_G3TH DELTA,AOAD/M_T,INTERNAL
MDO100USA,-1329998.797,-5328393.357,3236504.141,SEPT POLARX5,JAVRINGANT_DM,INTERNAL
MDVJ00RUS,2845456.3,2160954.3,5265993.4,TPS NETG3,JPSREGANT_DD_E1,EXTERNAL H-MASER
MEDI00ITA,4461400.894,919593.443,4449504.669,LEICA GR10,LEIAR20,EXTERNAL H-MASER
MELI00ESP,5205630.0,-268410.0,3663434.0,LEICA GR10,LEIAR25.R4,INTERNAL
MERS00TUR,4239149.446,2886967.945,3778877.023,LEICA GR50,LEIAR10,INTERNAL
MET300FIN,2892583.975,1311799.563,5512619.854,JAVAD TRE_3 DELTA,JAVRINGANT_DM,INTERNAL
METG00FIN,2890652.5,1310295.548,5513958.877,SEPT POLARX5,TRM59800.00,INTERNAL
METS00FIN,2892570.999,1311843.28,5512634.011,JAVAD TRE_3 DELTA,ASH700936C_M,INTERNAL
MFKG00ZAF,5185375.39,2477739.181,-2760201.1271,TRIMBLE NETRS,ASH701941.B,INTERNAL
MGUE00ARG,1823327.909,-4850352.447,-3709085.536,SEPT POLARX5TR,LEIAR25.R4,EXTERNAL H-MASER
MIKL00UKR,3698554.628,2308675.267,4639770.434,LEICA GR10,LEIAR10,INTERNAL
MIZU00JPN,-3857167.6484,3108694.9138,4004041.6876,SEPT ASTERX4,SEPCHOKE_B3E6,INTERNAL
MKEA00USA,-5464105.317,-2495165.842,2148291.476,SEPT POLARX5,JAVRINGANT_DM,INTERNAL
MOBJ00RUS,2936424.674,2178374.012,5208858.3846,JPS LEGACY,JPSREGANT_SD_E1,INTERNAL
MOBK00RUS,2936424.674,2178374.012,5208858.3846,JPS EGGDT,JPSREGANT_SD_E1,INTERNAL
MOBN00RUS,2936432.14,2178364.5,5208858.18,ASHTECH UZ-12,ASH701945C_M,INTERNAL
MOBS00AUS,-4130636.589,2894953.121,-3890530.442,SEPT POLARX4TR,ASH701945C_M,INTERNAL
MOIU00KEN,5207811.3703,3685972.9487,31891.7647,JAVAD TRE_3 DELTA,ASH701945E_M,INTERNAL
MONP00USA,-2386247.3,-4802359.2,3444902.34,TPS NET-G3A,ASH701945B_M,INTERNAL
MORP00GBR,3645667.9,-107277.3,5215053.5,TRIMBLE NETR8,AOAD/M_T,INTERNAL
MQZG00NZL,-4580569.543,590465.441,-4384380.166,TRIMBLE ALLOY,TRM115000.00,INTERNAL 
MRC100USA,1092811.8197,-4877221.9707,3948968.109,SEPT POLARX5,SEPCHOKE_B3E6,EXTERNAL H-MASER
MRL100NZL,-4749991.001,520984.518,-4210604.147,ITT 3750300,TPSCR.G5,EXTERNAL CESIUM /RCVR 1
MRL200NZL,-4749991.001,520984.518,-4210604.147,ITT 3750300,TPSCR.G5,EXTERNAL CESIUM /RCVR 2
MRO100AUS,-2556629.762,5097138.254,-2848385.105,TRIMBLE NETR9,TRM59800.00,INTERNAL
MTKA00JPN,-3947762.7496,3364399.8789,3699428.5111,TRIMBLE NETR9,ASH701073.1,INTERNAL
MTV100URY,2914536.977,-4349790.287,-3630033.464,ITT 3750300,TPSCR.G5,EXTERNAL CESIUM / RCVR1
MTV200URY,2914536.977,-4349790.287,-3630033.464,ITT 3750300,TPSCR.G5,EXTERNAL CESIUM / RCVR2
NAIN00CAN,1671837.36,-3103474.6,5297671.08,ASHTECH UZ-12,ASH701945D_M,INTERNAL
NANO00CAN,-2335726.73,-3451608.329,4812009.971,SEPT POLARX5,SEPCHOKE_B3E6,INTERNAL CLOCK STEERING
NAUR00NRU,-6212555.1726,1442786.6229,-61006.7968,SEPT POLARX4TR,LEIAR25.R3,INTERNAL
NCKU00TWN,-2956913.107,5075881.93,2476417.112,TRIMBLE NETR9,JAVRINGANT_DM,INTERNAL
NICO00CYP,4359417.88,2874117.01,3650778.27,LEICA GR50,LEIAR25.R4,INTERNAL
NIST00USA,-1288398.36,-4721697.04,4078625.5,NOV OEM4-G2,NOV702,EXTERNAL H-MASER
NIUM00NIU,-5937159.6673,-1054675.7248,-2071390.5806,TRIMBLE NETR9,TRM59800.00,INTERNAL
NKLG00GAB,6287385.7333,1071574.6758,39132.0395,SEPT POLARX5,TRM59800.00,INTERNAL
NLIB00USA,-130934.4493,-4762291.7386,4226854.6638,SEPT POLARX5TR,JAVRINGANT_DM,EXTERNAL H-MASER
NNOR00AUS,-2414151.326,4907778.436,-3270645.333,SEPT POLARX5TR,SEPCHOKE_B3E6,EXTERNAL SLAVED CRYSTAL
NOT100ITA,4934528.669,1321262.251,3806479.508,LEICA GR30,LEIAR20,EXTERNAL H-MASER
NOVM00RUS,452261.2,3635877.47,5203453.26,JPS LEGACY,JPSREGANT_SD_E1,EXTERNAL H-MASER
NRC100CAN,1112777.33,-4341475.83,4522955.78,JAVAD TRE_G3TH DELTA,AOAD/M_T,EXTERNAL H-MASER
NRIL00RUS,64537.2912,2253782.8543,5946363.4808,ASHTECH UZ-12,ASH701945B_M,INTERNAL
NRMD00NCL,-5743537.658,1380504.26,-2397897.027,TRIMBLE NETR9,TRM57971.00,INTERNAL
NTUS00SGP,-1508022.0,6195580.0,148800.0,LEICA GR50,LEIAR20,INTERNAL
NVSK00RUS,433604.1534,3655557.747,5191288.0377,TRIMBLE R7 GNSS,TRM57971.00,INTERNAL
NYA100NOR,1202434.0,252632.0,6237772.0,TRIMBLE NETR8,ASH701073.1,EXTERNAL H-MASER
NYA200NOR,1202379.31,252474.6543,6237786.5417,SEPT POLARX5,JAVRINGANT_G5T,INTERNAL
NYAL00NOR,1202431.0,252627.0,6237768.0,TRIMBLE NETR9,AOAD/M_B,EXTERNAL H-MASER
OAK100GBR,4011440.89,-63375.739,4941877.084,ITT 3750300,TPSCR.G5,EXTERNAL CESIUM / RCVR 1
OAK200GBR,4011440.89,-63375.739,4941877.084,ITT 3750300,TPSCR.G5,EXTERNAL CESIUM / RCVR 2
OBE400DEU,4186704.43,834903.583,4723664.857,JAVAD TRE_G3TH DELTA,JAV_RINGANT_G3T,INTERNAL
OHI200ATA,1525811.8,-2432479.1,-5676166.0,JAVAD TRE_G3TH DELTA,LEIAR25.R4,EXTERNAL H-Maser
OHI300ATA,1525808.9,-2432478.5,-5676166.0,LEICA GR50,LEIAR25.R4,EXTERNAL H-Maser
ONS100SWE,3370667.198,711818.723,5349787.879,TRIMBLE NETR9,LEIAR25.R3,EXTERNAL H-MASER
ONSA00SWE,3370658.832,711876.939,5349786.745,SEPT POLARX5TR,AOAD/M_B,EXTERNAL H-MASER
OP7100FRA,4202779.735,171370.766,4778660.65,SEPT POLARX4TR,LEIAR25.R4,EXTERNAL UTC(OP)
OPMT00FRA,4202777.3831,171367.9881,4778660.1844,ASHTECH Z-XII3T,3S-02-TSADM,EXTERNAL UTC(OP)
ORID00MKD,4498451.81,1708266.83,4173591.78,LEICA GR30,LEIAR25.R4,INTERNAL
OSN300KOR,-3068340.81,4066863.981,3824757.006,ITT 3750300,TPSCR.G5,EXTERNAL CESIUM /RCVR1
OSN400KOR,-3068340.81,4066863.981,3824757.006,ITT 3750300,TPSCR.G5,EXTERNAL CESIUM /RCVR2
OUS200NZL,-4387890.8367,733420.3903,-4555176.3706,SEPT ASTERX4,SEPCHOKE_B3E6,INTERNAL
OWMG00NZL,-4584394.1059,-290931.9957,-4410048.0233,TRIMBLE ALLOY,TRM59800.00,INTERNAL
PADO00ITA,4388882.41,924567.03,4519588.45,STONEX SC2200,STXSA1500,INTERNAL
PALM00ATA,1192671.992,-2450887.706,-5747096.184,JAVAD TRE_G3TH DELTA,ASH700936D_M,INTERNAL
PARC00CHL,1255992.5,-3622975.2,-5079719.2,TRIMBLE ALLOY,TRM57971.00,INTERNAL
PARK00AUS,-4554255.046,2816652.445,-3454059.901,SEPT POLARX5TR,ASH701945C_M,EXTERNAL H-MASER
PBRI00IND,-295635.699,6240845.879,1278177.797,TRIMBLE ALLOY,LEIAR25.R3,EXTERNAL Cesium 5071A Standard performance
PDEL00PRT,4551596.139,-2186893.415,3883410.679,LEICA GRX1200GGPRO,LEIAT504GG,INTERNAL
PEN200HUN,4052438.0,1417688.0,4701418.0,LEICA GR50,LEIAR20,INTERNAL
PENC00HUN,4052449.8,1417680.8,4701406.9,LEICA GRX1200GGPRO,LEIAT504GG,INTERNAL
PERT00AUS,-2368686.749,4881316.485,-3341796.389,TRIMBLE NETR9,TRM59800.00,INTERNAL
PETS00RUS,-3580828.5,1399698.1,5072185.2,JAVAD TRE_G3TH DELTA,ASH701933B_M,INTERNAL
PGEN00PHL,-3650007.527,5187339.662,669409.452,LEICA GR50,LEIAR25,INTERNAL
PICL00CAN,-11253.04,-3980586.68,4967210.25,SEPT POLARX5,TWIVC6150,INTERNAL
PIE100USA,-1640916.928,-5014781.187,3575447.077,JAVAD TRE_3 DELTA,ASH701945E_M,EXTERNAL H-MASER
PIMO00PHL,-3186293.8,5286624.28,1601158.31,JAVAD TRE_G3TH DELTA,ASH701945C_M,INTERNAL
PIN100USA,-2369510.78,-4761206.89,3511396.27,TPS NET-G3A,ASH701945B_M,INTERNAL
PNGM00PNG,-5367943.2,3437431.2,-225886.0,TRIMBLE NETR9,TRM59800.00,INTERNAL
POAL00BRA,3467519.4,-4300378.53,-3177517.73,TRIMBLE NETR9,TRM115000.00,INTERNAL 
POHN00FSM,-5879158.7411,2350291.7598,767748.1911,SEPT POLARX5,JAVRINGANT_DM,INTERNAL
POL200KGZ,1239971.4511,4530790.0876,4302578.795,JAVAD TRE_3 DELTA,TPSCR.G3,INTERNAL
POLV00UKR,3411557.338,2348463.835,4834396.643,LEICA GR10,LEIAR10,INTERNAL
POTS00DEU,3800689.6341,882077.3857,5028791.3179,JAVAD TRE_3,JAVRINGANT_G5T,INTERNAL
POVE00BRA,2774265.608,-5662060.1407,-959415.8531,TRIMBLE NETR9,TRM115000.00,INTERNAL
PPPC00PHL,-3022676.471,5511839.403,1075517.567,LEICA GR50,LEIAR25,INTERNAL
PRDS00CAN,-1659602.83,-3676725.75,4925493.59,JAVAD TRE_3N DELTA,AOAD/M_T,EXTERNAL H-MASER
PRE300ZAF,5066223.489,2719222.966,-2754406.543,ITT 3750300,TPSCR.G5,EXTERNAL CESIUM /RCVR1
PRE400ZAF,5066223.489,2719222.966,-2754406.543,ITT 3750300,TPSCR.G5,EXTERNAL CESIUM /RCVR2
PTAG00PHL,-3184318.745,5291065.489,1590418.235,LEICA GR50,LEIAR25.R4,INTERNAL
PTBB00DEU,3844060.11,709661.2,5023129.46,SEPT POLARX5TR,LEIAR25.R4,EXTERNAL ACTIVE H-MASER
PTGG00PHL,-3184365.6327,5291038.8848,1590414.0821,SEPT POLARX5,TRM59800.00,INTERNAL
PTVL00VUT,-5950573.262,1230677.252,-1932016.954,TRIMBLE NETR9,JAVRINGANT_DM,INTERNAL
QAQ100GRL,2170942.18,-2251829.95,5539988.29,SEPT POLARX5,ASH701945E_M,INTERNAL
QIKI00CAN,1069081.29,-2195214.2,5872519.02,ASHTECH UZ-12,ASH701945E_M,INTERNAL
QUI300ECU,1272867.304,-6252772.044,-23801.759,ITT 3750300,TPSCR.G5,EXTERNAL CESIUM /RCVR1
QUI400ECU,1272867.304,-6252772.044,-23801.759,ITT 3750300,TPSCR.G5,EXTERNAL CESIUM /RCVR2
QUIN00USA,-2517231.209,-4198595.058,4076531.208,JAVAD TRE_3 DELTA,ASH701945E_M,INTERNAL
RABT00MAR,5255617.68,-631745.622,3546322.61,JAVAD TRE_3 DELTA,TRM29659.00,INTERNAL
RAEG00PRT,4618477.733,-2166047.526,3816304.845,LEICA GR25,LEIAR20,EXTERNAL H-MASER
RAMO00ISR,4514719.1,3133506.0,3228042.6,JAVAD TRE_G3TH DELTA,ASH701945B_M,INTERNAL
RBAY00ZAF,4739765.8116,2970758.3766,-3054077.6457,TRIMBLE NETR9,TRM59800.00,INTERNAL
RCMN00KEN,5101067.6,3829081.6,-135016.5,LEICA GRX1200GGPRO,LEIAT504GG,EXTERNAL (INTERNAL OR EXTERNAL H-MASER/CESIUM/ETC)
RDSD00DOM,2078681.178,-5683736.413,2006886.9092,TRIMBLE NETR9,TRM59800.00,INTERNAL
REDU00BEL,4091423.462,368380.429,4863179.703,SEPT POLARX5,SEPCHOKE_B3E6,EXTERNAL CESIUM
RESO00CAN,-144097.43,-1683123.97,6129777.88,ASHTECH UZ-12,ASH700936A_M,INTERNAL
REUN00REU,3364099.1673,4907944.4587,-2293466.897,SEPT POLARX5,TRM55971.00,INTERNAL
REYK00ISL,2587384.533,-1043033.497,5716564.008,LEICA GR50,LEIAR25.R4,INTERNAL
RGDG00ARG,1429870.3961,-3495334.7685,-5122723.0071,TRIMBLE ALLOY,TRM59800.00,INTERNAL
RIGA00LVA,3183899.344,1421478.378,5322810.736,LEICA GR25,LEIAR25.R4,INTERNAL
RIO200ARG,1429907.7834,-3495354.8119,-5122698.6553,SEPT ASTERX4,SEPCHOKE_B3E6,INTERNAL
RIOP00ECU,1255140.9798,-6253585.5781,-182569.6128,TRIMBLE NETRS,TRM41249.00,INTERNAL
ROAG00ESP,5105577.352,-555208.925,3769714.099,SEPT POLARX5TR,LEIAR25.R4,EXTERNAL H-MASER
ROCK00USA,-2533220.219,-4631543.3986,3568400.542,TPS NET-G3A,TPSCR.G3,INTERNAL
ROTH00ATA,909246.711,-2264763.494,-5873056.98,LEICA GRX1200+GNSS,LEIAR25,INTERNAL 
SALU00BRA,4566947.87,-4443098.5,-286674.66,TRIMBLE NETR9,TRM115000.00,INTERNAL QUARTZ
SAMO00WSM,-6129702.2557,-890029.4165,-1516807.4422,TRIMBLE NETR9,JAVRINGANT_DM,INTERNAL
SANT00CHL,1769693.588,-5044574.184,-3468320.907,SEPT POLARX5,JAVRINGANT_DM,INTERNAL
SASK00CAN,-1106129.71,-3758704.03,5016675.77,JAVAD TRE_G3TH DELTA,NOV750.R4,INTERNAL
SAVO00BRA,4870283.7503,-3864605.3094,-1418872.4823,TRIMBLE NETR9,TRM115000.00,INTERNAL QUARTZ
SBOK00ZAF,5279492.0167,1703114.2749,-3139092.9922,TRIMBLE NETRS,ASH701941.B,INTERNAL
SCH200CAN,1448636.93,-3385243.67,5191046.95,JAVAD TRE_3N DELTA,ASH701945E_M,INTERNAL
SCIP00USA,-2556587.44,-4711014.03,3446241.4,TPS NET-G3A,TPSCR.G3,INTERNAL
SCOR00GRL,1982096.1,-798821.0,5989464.5,SEPT POLARX5,ASH701941.B,EXTERNAL RUBIDIUM
SCRZ00BOL,2743005.924,-5420745.291,-1937117.112,LEICA GR10,LEIAR10,INTERNAL 
SCTB00ATA,-1311028.8,308512.8,-6213390.9,TRIMBLE ALLOY,TRM115000.00,INTERNAL 
SCUB00CUB,1474538.1759,-5811243.3797,2168958.8133,JAVAD TRE_G3TH DELTA,JAV_RINGANT_G3T,INTERNAL
SEJN00KOR,-3110081.801,4082093.983,3775023.519,TRIMBLE NETR9,TRM59800.00,INTERNAL
SEME00KAZ,688306.417,4012382.787,4893725.828,LEICA GR10,LEIAR25.R4,INTERNAL
SEY200SYC,3602867.3394,5238179.3811,-516268.0725,JAVAD TRE_G3TH DELTA,JAVRINGANT_DM,INTERNAL
SEYG00SYC,3597836.0,5240884.0,-516781.0,SEPT POLARX5,TRM59800.00,INTERNAL
SFDM00USA,-2532676.4067,-4615598.8587,3588781.3303,TRIMBLE NETRS,ASH701945B_M,INTERNAL
SFER00ESP,5105519.055,-555146.005,3769803.246,LEICA GR25,LEIAR25,EXTERNAL CESIUM
SGOC00LKA,1113280.0609,6233644.2886,760276.9549,JAVAD TRE_3,JAVRINGANT_G5T,INTERNAL
SGPO00USA,-667801.1647,-5082858.388,3782394.883,JAVAD TRE_3,JAVRINGANT_G5T,INTERNAL
SHAO00CHN,-2831733.583,4675665.958,3275369.41,ASHTECH UZ-12,AOAD/M_T,INTERNAL
SHE200CAN,1899507.99,-3991722.36,4582242.82,TRIMBLE NETR8,TRM29659.00,INTERNAL
SIN100SGP,-1507972.56,6195614.06,148488.0,TRIMBLE NETR9,LEIAR25.R3,INTERNAL
SMST00JPN,-3822373.395,3699359.882,3507585.789,TRIMBLE NETR9,TRM57971.00,EXTERNAL NONE
SNI100USA,-2631346.8232,-4646278.7114,3477113.3756,TPS NET-G3A,TPSCR.G3,INTERNAL
SOD300FIN,2200149.224,1091650.85,5866868.645,JAVAD TRE_3 DELTA,JAVRINGANT_DM,INTERNAL
SOFI00BGR,4319372.39,1868687.57,4292063.8,LEICA GRX1200GGPRO,LEIAR25.R3,INTERNAL
SOLO00SLB,-5911340.124,2156887.299,-1038664.005,TRIMBLE NETR9,JAVRINGANT_DM,INTERNAL
SPK100USA,-2535991.9364,-4642434.9628,3552148.2605,TPS NET-G3A,TPSCR.G3,INTERNAL
SPT000SWE,3328984.813,761910.066,5369033.475,SEPT POLARX5TR,TRM59800.00,EXTERNAL H-MASER
SPTU00BRA,3766123.31,-4567433.46,-2367323.83,TRIMBLE NETR9,TRM57971.00,INTERNAL 
SSIA00SLV,95610.0615,-6197817.1521,1500617.9412,TRIMBLE NETR9,TRM59800.80,INTERNAL 
STFU00USA,-2700404.18,-4292605.52,3855137.41,JAVAD TRE_G3TH DELTA,TRM57971.00,EXTERNAL RUBIDIUM
STHL00GBR,6104817.308,-605827.996,-1740738.865,JAVAD TRE_3 DELTA,TPSCR.G3,INTERNAL
STJ300CAN,2612588.6706,-3426820.6402,4686773.7555,SEPT POLARX5TR,LEIAR25.R4,INTERNAL 
STJO00CAN,2612631.2,-3426807.0,4686757.8,JAVAD TRE_3N DELTA,AOAD/M_T,INTERNAL
STK200JPN,-3642161.206,2861487.883,4370351.333,TRIMBLE ALLOY,TRM59800.00,EXTERNAL CESIUM
STPM00SPM,2436208.256,-3634804.894,4624885.452,TRIMBLE NETR9,TRM57971.00,INTERNAL
STR100AUS,-4467102.3061,2683039.5303,-3666949.982,SEPT POLARX5,ASH701945C_M,EXTERNAL CESIUM
STR200AUS,-4467074.3565,2683011.9072,-3667008.2854,TRIMBLE ALLOY,LEIAR25.R3,INTERNAL
SULP00UKR,3765296.991,1677559.204,4851297.409,TRIMBLE NETR9,TPSCR.G5,INTERNAL
SUTH00ZAF,5041274.8417,1916054.1204,-3397075.9716,SEPT POLARX5,ASH701945G_M,INTERNAL
SUTM00ZAF,5041190.169,1916067.017,-3397189.514,JAVAD TRE_3,JAVRINGANT_G5T,INTERNAL
SUWN00KOR,-3062023.4156,4055449.1662,3841819.3768,TRIMBLE NETR9,TRM59800.80,EXTERNAL CESIUM
SVTL00RUS,2730156.0,1562365.0,5529989.0,JAVAD TRE_3 DELTA,JAVRINGANT_DM,EXTERNAL H-MASER CH1-80
SYDN00AUS,-4648240.0068,2560636.5563,-3526319.0239,SEPT POLARX4TR,ASH701945C_M,EXTERNAL CESIUM
SYOG00ATA,1766207.8686,1460290.3801,-5932297.7652,TRIMBLE ALLOY,TRM159900.00,EXTERNAL CESIUM
TABL00USA,-2448550.1126,-4668099.0769,3582741.024,TRIMBLE NETR9,TRM57971.00,INTERNAL
TANA00ETH,4970747.7784,3790687.1134,1271109.0376,LEICA GR25,LEIAR25.R4,INTERNAL 
TASH00UZB,1695945.1994,4487138.5684,4190140.6931,SEPT ASTERX4,SEPCHOKE_B3E6,EXTERNAL RUBIDIUM
TCMS00TWN,-2982782.8539,4966660.1585,2658809.4594,LEICA RS500,LEIAT504,INTERNAL
TDOU00ZAF,5064840.8313,2969624.4192,-2485110.0433,TRIMBLE NETRS,LEIAT504,INTERNAL
TEHN00IRN,3240499.403,4049740.323,3701663.005,TRIMBLE NETR9,TRM57971.00,INTERNAL
THTG00PYF,-5246414.0,-3077260.0,-1913842.0,SEPT POLARX5TR,LEIAR25.R3,EXTERNAL CESIUM
THTI00PYF,-5246415.8134,-3077260.6338,-1913841.9696,TRIMBLE NETR8,ASH701945E_M,INTERNAL
THU200GRL,538093.7,-1389088.0,6180979.3,SEPT POLARX5,ASH701073.1,INTERNAL
TID100AUS,-4460996.069,2682557.144,-3674443.875,SEPT POLARX5,AOAD/M_T,EXTERNAL H-MASER
TIDB00AUS,-4460996.4047,2682557.0885,-3674443.393,ASHTECH UZ-12,AOAD/M_T,EXTERNAL H-MASER
TIT200DEU,3993787.1,450204.2,4936131.8,JAVAD TRE_3 DELTA,LEIAR25.R4,INTERNAL
TIXI00RUS,-1264872.963,1569455.814,6031003.388,JPS EGGDT,TPSCR3_GGD,INTERNAL
TLSE00FRA,4627851.899,119638.546,4372993.537,TRIMBLE NETR9,TRM59800.00,INTERNAL
TLSG00FRA,4628684.7869,119997.1258,4372110.3365,SEPT POLARX5TR,TRM59800.00,EXTERNAL CESIUM
TNML00TWN,-2982779.0389,4966662.6552,2658805.7381,AOA BENCHMARK ACT,AOAD/M_T,EXTERNAL RUBIDIUM
TONG00TON,-5930303.7231,-500147.2009,-2286366.2029,SEPT POLARX5,TRM59800.00,INTERNAL
TOPL00BRA,4174345.6,-4690236.73,-1118921.27,TRIMBLE NETR9,TRM115000.00,INTERNAL 
TORP00USA,-2517894.5535,-4670259.8838,3527827.6264,TPS NET-G3A,TPSCR.G3,INTERNAL
TOW200AUS,-5054582.68,3275504.572,-2091539.886,SEPT POLARX5,LEIAR25.R3,INTERNAL
TRAK00USA,-2480029.62,-4703110.48,3511298.77,TPS NET-G3A,TPSCR.G3,INTERNAL
TRO100NOR,2102929.0,721619.0,5958196.0,TRIMBLE NETR9,TRM59800.00,EXTERNAL RUBIDIUM
TSK200JPN,-3957184.109,3310231.726,3737703.956,TRIMBLE NETR9,TRM59800.00,EXTERNAL H-MASER
TSKB00JPN,-3957199.24,3310199.668,3737711.708,TRIMBLE NETR9,AOAD/M_T,EXTERNAL CESIUM
TUBI00TUR,4211318.522,2377865.759,4144664.456,TRIMBLE 5700,TRM29659.00,INTERNAL
TUVA00TUV,-6307543.7662,88454.3221,-939278.1193,TRIMBLE NETR9,JAVRINGANT_DM,INTERNAL
TWTF00TWN,-2994425.04,4951312.24,2674498.6,SEPT POLARX4TR,ASH701945C_M,EXTERNAL STEERED H-MASER
UCAL00CAN,-1641945.2,-3664804.1,4940009.3,TRIMBLE NETR9,TRM57971.00,INTERNAL
UCLP00USA,-2519007.2327,-4650672.3153,3552862.7886,TPS NET-G3A,TPSCR.G3,INTERNAL
UCLU00CAN,-2440669.042,-3416437.062,4785136.849,SEPT POLARX5,SEPCHOKE_B3E6,INTERNAL CLOCK
UFPR00BRA,3763751.676,-4365113.8613,-2724404.579,TRIMBLE NETR9,TRM115000.00,INTERNAL
ULAB00MNG,-1257408.9234,4099404.3974,4707992.6715,JAVAD TRE_3,JAVRINGANT_G5T,INTERNAL
ULDI00ZAF,4796680.9045,2930311.4777,-3005435.8146,TRIMBLE NETR9,ASH701941.B,INTERNAL 
UNB300CAN,1761288.2,-4078238.6,4561417.8,TRIMBLE ALLOY,TRM57971.00,INTERNAL
UNBD00CAN,1761305.9,-4078238.57,4561411.35,JAVAD TRE_G2T DELTA,TRM55971.00,INTERNAL
UNBJ00CAN,1761288.1,-4078238.6,4561417.7,TPS LEGACY,TRM57971.00,INTERNAL
UNBN00CAN,1761288.2,-4078238.6,4561417.8,NOV OEM6,TRM57971.00,INTERNAL
UNSA00ARG,2412830.4245,-5271936.73,-2652209.0548,SEPT ASTERX4,SEPCHOKE_B3E6,INTERNAL
UNX200AUS,-4644465.21,2549952.76,-3538929.46,JAVAD TRE_G3TH DELTA,LEIAR25.R3,INTERNAL
UNX300AUS,-4644465.21,2549952.76,-3538929.46,SEPT POLARX4,LEIAR25.R3,INTERNAL
URAL00RUS,1716013.966,3047281.697,5316302.551,TRIMBLE R9S,CHCC220GR2,INTERNAL
URUM00CHN,193030.2318,4606851.332,4393311.5615,JAVAD TRE_3,JAVRINGANT_G5T,INTERNAL
USN700USA,1112162.138,-4842854.667,3985497.066,SEPT POLARX5TR,TPSCR.G5,EXTERNAL H-MASER
USN800USA,1112162.138,-4842854.667,3985497.066,SEPT POLARX5TR,TPSCR.G5,EXTERNAL H-MASER
USN900USA,1112162.138,-4842854.667,3985497.066,NOV OEM6,TPSCR.G5,EXTERNAL H-MASER
USNO00USA,1112189.773,-4842955.026,3985352.266,ASHTECH Z-XII3T,AOAD/M_T,EXTERNAL STEERED H-MASER
USP100FJI,-6060627.2843,164379.897,-1974093.2186,PANDA PD51A,HXCCGX601A,INTERNAL
USUD00JPN,-3855263.0361,3427432.5571,3741020.2929,SEPT POLARX5,AOAD/M_T,EXTERNAL H-MASER
UTQI00USA,-1880399.9215,-813136.6979,6019921.5735,JAVAD TR_G3TH,JAV_GRANT-G3T,INTERNAL
UZHL00UKR,3907587.6652,1602428.5337,4763783.6858,NOV OEMV3,NOV702GG,INTERNAL
VACS00MUS,3215946.33,5047448.47,-2198719.6,SEPT POLARX5,JAVRINGANT_DM,INTERNAL
VALD00CAN,919075.83,-4167766.23,4724323.53,TPS NET-G5,TPSCR.G3,INTERNAL
VILL00ESP,4849833.874,-335049.255,4116014.809,SEPT POLARX5,SEPCHOKE_B3E6,EXTERNAL CESIUM
VIS000SWE,3246470.561,1077900.313,5365277.902,SEPT POLARX5,AOAD/M_T,INTERNAL
VNDP00USA,-2678090.1164,-4525437.3954,3597431.7369,TRIMBLE NETR9,TRM59800.00,INTERNAL
VOIM00MDG,4054014.146,4316070.229,-2365224.017,JAVAD TR_G3TH,JAV_RINGANT_G3T,INTERNAL
WAB200CHE,4327318.0,566956.0,4636426.0,SEPT POLARX5TR,SEPCHOKE_B3E6,EXTERNAL UTC(CH) Master Clock
WARK00NZL,-5115333.2299,477886.9079,-3767147.473,TRIMBLE ALLOY,TRM115000.00,EXTERNAL H-MASER
WARN00DEU,3658785.6,784471.1,5147870.7,JAVAD TRE_3 DELTA,LEIAR25.R4,INTERNAL
WDC500USA,1112158.868,-4842855.614,3985496.946,ITT 3750300,TPSCR.G5,EXTERNAL H-MASER
WDC600USA,1112158.868,-4842855.614,3985496.946,ITT 3750300,TPSCR.G5,EXTERNAL H-MASER
WES200USA,1492233.247,-4458089.489,4296046.035,SEPT POLARX5,TPSCR4,EXTERNAL H-MASER
WGTN00NZL,-4777269.46,434270.155,-4189484.491,TRIMBLE ALLOY,TRM115000.00,INTERNAL 
WHC100USA,-2488199.3244,-4673487.1517,3544649.2637,TPS NET-G3A,TPSCR.G3,INTERNAL
WHIT00CAN,-2218337.85,-2201205.06,5543057.57,TPS NET-G3A,AOAD/M_T,INTERNAL
WIDC00USA,-2354850.17,-4745524.01,3540693.1,TRIMBLE NETR9,TRM57971.00,INTERNAL
WILL00CAN,-2084258.016,-3313872.98,5019853.081,TRIMBLE NETR9,TRM59800.00,INTERNAL
WIND00NAM,5633708.7802,1732017.696,-2433985.8026,JAVAD TRE_3,JAVRINGANT_G5T,INTERNAL
WLSN00USA,-2483640.9494,-4660072.8425,3568172.1952,TPS NET-G3A,TPSCR.G3,INTERNAL
WROC00POL,3835751.0,1177249.0,4941605.0,LEICA GR50,LEIAR25.R4,INTERNAL
WSRT00NLD,3828739.0,443305.0,5064887.0,SEPT POLARX5,AOAD/M_T,INTERNAL
WTZ300DEU,4075535.3,931822.185,4801608.915,JAVAD TRE_G3TH DELTA,LEIAR25.R3,EXTERNAL H-MASER EFOS 39
WTZA00DEU,4075578.494,931852.658,4801569.946,SEPT POLARX2,ASH700936C_M,EXTERNAL CESIUM
WTZR00DEU,4075580.685,931853.66,4801568.054,LEICA GR50,LEIAR25.R3,EXTERNAL H-MASER EFOS 18
WTZS00DEU,4075535.3,931822.185,4801608.915,SEPT POLARX5TR,LEIAR25.R3,EXTERNAL CESIUM
WTZZ00DEU,4075579.269,931853.281,4801569.136,JAVAD TRE_3 DELTA,LEIAR25.R3,EXTERNAL H-MASER EFOS 18
WUH200CHN,-2267749.0,5009154.0,3221290.0,JAVAD TRE_3,JAVRINGANT_G5T,INTERNAL
WUHN00CHN,-2267750.266,5009156.142,3221291.898,TRIMBLE NETR9,TRM59800.00C,EXTERNAL RUBIDIUM CLOCK STEERED BY GPS
XMIS00AUS,-1696343.679,6039590.1166,-1149276.4801,TRIMBLE NETR9,JAVRINGANT_DM,INTERNAL
YAKT00RUS,-1914998.836,2308241.52,5610225.578,JAVAD TRE_3N DELTA,ASH701933B_M,EXTERNAL CESIUM
YAR200AUS,-2389025.394,5043316.852,-3078530.861,TRIMBLE ALLOY,AOAD/M_T,INTERNAL
YAR300AUS,-2389042.6217,5043313.558,-3078525.7908,SEPT POLARX5,LEIAR25,INTERNAL
YARR00AUS,-2389024.506,5043315.359,-3078534.163,SEPT POLARX5,LEIAT504,INTERNAL
YEBE00ESP,4848724.95,-261632.509,4123093.952,TRIMBLE NETR9,TRM29659.00,EXTERNAL H-MASER
YEL200CAN,-1224441.9824,-2689174.6494,5633660.3762,SEPT POLARX5TR,LEIAR25.R4,EXTERNAL VCH-1008 MASER
YELL00CAN,-1224452.4,-2689216.0,5633638.2,JAVAD TRE_3N DELTA,AOAD/M_T,EXTERNAL MASER
YIBL00OMN,3294552.811,4905092.434,2393579.637,TRIMBLE NETR9,ASH701945C_M,INTERNAL
YKRO00CIV,6306439.897,-578380.783,757956.481,JAVAD TRE_3 DELTA,ASH701945C_M,INTERNAL
YONS00KOR,-3047506.741,4043980.58,3865243.01,TRIMBLE NETR9,TRM59800.00,INTERNAL 
YSSK00RUS,-3465320.847,2638269.382,4644085.485,JAVAD TRE_3N DELTA,ASH701933B_M,INTERNAL
ZAMB00ZMB,5415353.011,2917209.914,-1685888.865,JAVAD TRE_3 DELTA,AOAD/M_T,INTERNAL
ZECK00RUS,3451175.15,3060335.95,4391955.97,JAVAD TRE_3 DELTA,JAVRINGANT_DM,EXTERNAL H-MASER VCH-1003M
ZIM200CHE,4331300.16,567537.081,4633133.51,TRIMBLE NETR9,TRM59800.00,INTERNAL
ZIM300CHE,4331300.16,567537.081,4633133.51,TRIMBLE NETR9,TRM59800.00,EXTERNAL H-MASER
ZIMM00CHE,4331297.348,567555.639,4633133.728,TRIMBLE NETR9,TRM29659.00,INTERNAL
